id,category
0,0.9617642512398443
1,0.9985884094642965
2,0.9593143090645629
3,0.9806484891700021
4,0.957671613778114
5,0.9986270262204837
6,0.9003353433380017
7,0.9962225198134568
8,0.9983038857277144
9,0.9972309247056893
